"id","name","code","parent_id/id"
"sat_account_id1","Activo","100",
"sat_account_id2","Activo a corto plazo","100.01","sat_account_id1"
"sat_account_id3","Caja","101","sat_account_id2"
"sat_account_id4","Caja y efectivo","101.01","sat_account_id3"
"sat_account_id5","Bancos","102","sat_account_id2"
"sat_account_id6","Bancos nacionales","102.01","sat_account_id5"
"sat_account_id7","Bancos extranjeros","102.02","sat_account_id5"
"sat_account_id8","Inversiones","103","sat_account_id2"
"sat_account_id9","Inversiones temporales","103.01","sat_account_id8"
"sat_account_id10","Inversiones en fideicomisos","103.02","sat_account_id8"
"sat_account_id11","Otras inversiones","103.03","sat_account_id8"
"sat_account_id12","Otros instrumentos financieros","104","sat_account_id2"
"sat_account_id13","Otros instrumentos financieros","104.01","sat_account_id12"
"sat_account_id14","Clientes","105","sat_account_id2"
"sat_account_id15","Clientes nacionales","105.01","sat_account_id14"
"sat_account_id16","Clientes extranjeros","105.02","sat_account_id14"
"sat_account_id17","Clientes nacionales parte relacionada","105.03","sat_account_id14"
"sat_account_id18","Clientes extranjeros parte relacionada","105.04","sat_account_id14"
"sat_account_id19","Cuentas y documentos por cobrar a corto plazo","106","sat_account_id2"
"sat_account_id20","Cuentas y documentos por cobrar a corto plazo nacional","106.01","sat_account_id19"
"sat_account_id21","Cuentas y documentos por cobrar a corto plazo extranjero","106.02","sat_account_id19"
"sat_account_id22","Cuentas y documentos por cobrar a corto plazo nacional parte relacionada","106.03","sat_account_id19"
"sat_account_id23","Cuentas y documentos por cobrar a corto plazo extranjero parte relacionada","106.04","sat_account_id19"
"sat_account_id24","Intereses por cobrar a corto plazo nacional","106.05","sat_account_id19"
"sat_account_id25","Intereses por cobrar a corto plazo extranjero","106.06","sat_account_id19"
"sat_account_id26","Intereses por cobrar a corto plazo nacional parte relacionada","106.07","sat_account_id19"
"sat_account_id27","Intereses por cobrar a corto plazo extranjero parte relacionada","106.08","sat_account_id19"
"sat_account_id28","Otras cuentas y documentos por cobrar a corto plazo","106.09","sat_account_id19"
"sat_account_id29","Otras cuentas y documentos por cobrar a corto plazo parte relacionada","106.10","sat_account_id19"
"sat_account_id30","Deudores diversos","107","sat_account_id2"
"sat_account_id31","Funcionarios y empleados","107.01","sat_account_id30"
"sat_account_id32","Socios y accionistas","107.02","sat_account_id30"
"sat_account_id33","Partes relacionadas nacionales","107.03","sat_account_id30"
"sat_account_id34","Partes relacionadas extranjeros","107.04","sat_account_id30"
"sat_account_id35","Otros deudores diversos","107.05","sat_account_id30"
"sat_account_id36","Estimación de cuentas incobrables","108","sat_account_id2"
"sat_account_id37","Estimación de cuentas incobrables nacional","108.01","sat_account_id36"
"sat_account_id38","Estimación de cuentas incobrables extranjero","108.02","sat_account_id36"
"sat_account_id39","Estimación de cuentas incobrables nacional parte relacionada","108.03","sat_account_id36"
"sat_account_id40","Estimación de cuentas incobrables extranjero parte relacionada","108.04","sat_account_id36"
"sat_account_id41","Pagos anticipados","109","sat_account_id2"
"sat_account_id42","Seguros y fianzas pagados por anticipado nacional","109.01","sat_account_id41"
"sat_account_id43","Seguros y fianzas pagados por anticipado extranjero","109.02","sat_account_id41"
"sat_account_id44","Seguros y fianzas pagados por anticipado nacional parte relacionada","109.03","sat_account_id41"
"sat_account_id45","Seguros y fianzas pagados por anticipado extranjero parte relacionada","109.04","sat_account_id41"
"sat_account_id46","Rentas pagados por anticipado nacional","109.05","sat_account_id41"
"sat_account_id47","Rentas pagados por anticipado extranjero","106.06","sat_account_id41"
"sat_account_id48","Rentas pagados por anticipado nacional parte relacionada","109.07","sat_account_id41"
"sat_account_id49","Rentas pagados por anticipado extranjero parte relacionada","109.08","sat_account_id41"
"sat_account_id50","Intereses pagados por anticipado nacional","109.09","sat_account_id41"
"sat_account_id51","Intereses pagados por anticipado extranjero","109.10","sat_account_id41"
"sat_account_id52","Intereses pagados por anticipado nacional parte relacionada","109.11","sat_account_id41"
"sat_account_id53","Intereses pagados por anticipado extranjero parte relacionada","109.12","sat_account_id41"
"sat_account_id54","Factoraje financiero pagados por anticipado nacional","109.13","sat_account_id41"
"sat_account_id55","Factoraje financiero pagados por anticipado extranjero","109.14","sat_account_id41"
"sat_account_id56","Factoraje financiero pagados por anticipado nacional parte relacionada","109.15","sat_account_id41"
"sat_account_id57","Factoraje financiero pagados por anticipado extranjero parte relacionada","109.16","sat_account_id41"
"sat_account_id58","Arrendamiento financiero pagados por anticipado nacional","109.17","sat_account_id41"
"sat_account_id59","Arrendamiento financiero pagados por anticipado extranjero","109.18","sat_account_id41"
"sat_account_id60","Arrendamiento financiero pagados por anticipado nacional parte relacionada","109.19","sat_account_id41"
"sat_account_id61","Arrendamiento financiero pagados por anticipado extranjero parte relacionada","109.20","sat_account_id41"
"sat_account_id62","Pérdida por deterioro de pagos anticipados","109.21","sat_account_id41"
"sat_account_id63","Derechos fiduciarios","109.22","sat_account_id41"
"sat_account_id64","Otros pagos anticipados","109.23","sat_account_id41"
"sat_account_id65","Subsidio al empleo por aplicar","110","sat_account_id2"
"sat_account_id66","Subsidio al empleo por aplicar","110.01","sat_account_id65"
"sat_account_id67","Crédito al diesel por acreditar","111","sat_account_id2"
"sat_account_id68","Crédito al diesel por acreditar","111.01","sat_account_id67"
"sat_account_id69","Otros estímulos","112","sat_account_id2"
"sat_account_id70","Otros estímulos","112.01","sat_account_id69"
"sat_account_id71","Impuestos a favor","113","sat_account_id2"
"sat_account_id72","IVA a favor","113.01","sat_account_id71"
"sat_account_id73","ISR a favor","113.02","sat_account_id71"
"sat_account_id74","IETU a favor","113.03","sat_account_id71"
"sat_account_id75","IDE a favor","113.04","sat_account_id71"
"sat_account_id76","IA a favor","113.05","sat_account_id71"
"sat_account_id77","Subsidio al empleo","113.06","sat_account_id71"
"sat_account_id78","Pago de lo indebido","113.07","sat_account_id71"
"sat_account_id79","Otros impuestos a favor","113.08","sat_account_id71"
"sat_account_id80","Pagos provisionales","114","sat_account_id2"
"sat_account_id81","Pagos provisionales de ISR","114.01","sat_account_id80"
"sat_account_id82","Inventario","115","sat_account_id2"
"sat_account_id83","Inventario","115.01","sat_account_id82"
"sat_account_id84","Materia prima y materiales","115.02","sat_account_id82"
"sat_account_id85","Producción en proceso","115.03","sat_account_id82"
"sat_account_id86","Productos terminados","115.04","sat_account_id82"
"sat_account_id87","Mercancías en tránsito","115.05","sat_account_id82"
"sat_account_id88","Mercancías en poder de terceros","115.06","sat_account_id82"
"sat_account_id89","Otros","115.07","sat_account_id82"
"sat_account_id90","Estimación de inventarios obsoletos y de lento movimiento","116","sat_account_id2"
"sat_account_id91","Estimación de inventarios obsoletos y de lento movimiento","116.01","sat_account_id90"
"sat_account_id92","Obras en proceso de inmuebles","117","sat_account_id2"
"sat_account_id93","Obras en proceso de inmuebles","117.01","sat_account_id92"
"sat_account_id94","Impuestos acreditables pagados","118","sat_account_id2"
"sat_account_id95","IVA acreditable pagado","118.01","sat_account_id94"
"sat_account_id96","IVA acreditable de importación pagado","118.02","sat_account_id94"
"sat_account_id97","IEPS acreditable pagado","118.03","sat_account_id94"
"sat_account_id98","IEPS pagado en importación","118.04","sat_account_id94"
"sat_account_id99","Impuestos acreditables por pagar","119","sat_account_id2"
"sat_account_id100","IVA pendiente de pago","119.01","sat_account_id99"
"sat_account_id101","IVA de importación pendiente de pago","119.02","sat_account_id99"
"sat_account_id102","IEPS pendiente de pago","119.03","sat_account_id99"
"sat_account_id103","IEPS pendiente de pago en importación","119.04","sat_account_id99"
"sat_account_id104","Anticipo a proveedores","120","sat_account_id2"
"sat_account_id105","Anticipo a proveedores nacional","120.01","sat_account_id104"
"sat_account_id106","Anticipo a proveedores extranjero","120.02","sat_account_id104"
"sat_account_id107","Anticipo a proveedores nacional parte relacionada","120.03","sat_account_id104"
"sat_account_id108","Anticipo a proveedores extranjero parte relacionada","120.04","sat_account_id104"
"sat_account_id109","Otros activos a corto plazo","121","sat_account_id2"
"sat_account_id110","Otros activos a corto plazo","121.01","sat_account_id2"
"sat_account_id111","Activo a largo plazo","100.02","sat_account_id1"
"sat_account_id112","Terrenos","151","sat_account_id111"
"sat_account_id113","Terrenos","151.01","sat_account_id112"
"sat_account_id114","Edificios","152","sat_account_id111"
"sat_account_id115","Edificios","152.01","sat_account_id114"
"sat_account_id116","Maquinaria y equipo","153","sat_account_id111"
"sat_account_id117","Maquinaria y equipo","153.01","sat_account_id116"
"sat_account_id118","Automóviles, autobuses, camiones de carga, tractocamiones, montacargas y remolques","154","sat_account_id111"
"sat_account_id119","Automóviles, autobuses, camiones de carga, tractocamiones, montacargas y remolques","154.01","sat_account_id118"
"sat_account_id120","Mobiliario y equipo de oficina","155","sat_account_id111"
"sat_account_id121","Mobiliario y equipo de oficina","155.01","sat_account_id120"
"sat_account_id122","Equipo de cómputo","156","sat_account_id111"
"sat_account_id123","Equipo de cómputo","156.01","sat_account_id122"
"sat_account_id124","Equipo de comunicación","157","sat_account_id111"
"sat_account_id125","Equipo de comunicación","157.01","sat_account_id124"
"sat_account_id126","Activos biológicos, vegetales y semovientes","158","sat_account_id111"
"sat_account_id127","Activos biológicos, vegetales y semovientes","158.01","sat_account_id125"
"sat_account_id128","Obras en proceso de activos fijos","159","sat_account_id111"
"sat_account_id129","Obras en proceso de activos fijos","159.01","sat_account_id127"
"sat_account_id130","Otros activos fijos","160","sat_account_id111"
"sat_account_id131","Otros activos fijos","160.01","sat_account_id129"
"sat_account_id132","Ferrocarriles","161","sat_account_id111"
"sat_account_id133","Ferrocarriles","161.01","sat_account_id131"
"sat_account_id134","Embarcaciones","162","sat_account_id111"
"sat_account_id135","Embarcaciones","162.01","sat_account_id133"
"sat_account_id136","Aviones","163","sat_account_id111"
"sat_account_id137","Aviones","163.01","sat_account_id135"
"sat_account_id138","Troqueles, moldes, matrices y herramental","164","sat_account_id111"
"sat_account_id139","Troqueles, moldes, matrices y herramental","164.01","sat_account_id137"
"sat_account_id140","Equipo de comunicaciones telefónicas","165","sat_account_id111"
"sat_account_id141","Equipo de comunicaciones telefónicas","165.01","sat_account_id139"
"sat_account_id142","Equipo de comunicación satelital","166","sat_account_id111"
"sat_account_id143","Equipo de comunicación satelital","166.01","sat_account_id141"
"sat_account_id144","Equipo de adaptaciones para personas con capacidades diferentes","167","sat_account_id111"
"sat_account_id145","Equipo de adaptaciones para personas con capacidades diferentes","167.01","sat_account_id143"
"sat_account_id146","Maquinaria y equipo de generación de energía de fuentes renovables o de sistemas decogeneración de electricidad eficiente","168","sat_account_id111"
"sat_account_id147","Maquinaria y equipo de generación de energía de fuentes renovables o de sistemas decogeneración de electricidad eficiente","168.01","sat_account_id145"
"sat_account_id148","Otra maquinaria y equipo","169","sat_account_id111"
"sat_account_id149","Otra maquinaria y equipo","169.01","sat_account_id147"
"sat_account_id150","Adaptaciones y mejoras","170","sat_account_id111"
"sat_account_id151","Adaptaciones y mejoras","170.01","sat_account_id149"
"sat_account_id152","Depreciación acumulada de activos fijos","171","sat_account_id111"
"sat_account_id153","Depreciación acumulada de edificios","171.01","sat_account_id151"
"sat_account_id154","Depreciación acumulada de maquinaria y equipo","171.02","sat_account_id151"
"sat_account_id155","Depreciación acumulada de automóviles, autobuses, camiones de carga, tractocamiones,montacargas y remolques","171.03","sat_account_id151"
"sat_account_id156","Depreciación acumulada de mobiliario y equipo de oficina","171.04","sat_account_id151"
"sat_account_id157","Depreciación acumulada de equipo de cómputo","171.05","sat_account_id151"
"sat_account_id158","Depreciación acumulada de equipo de comunicación","171.06","sat_account_id151"
"sat_account_id159","Depreciación acumulada de activos biológicos, vegetales y semovientes","171.07","sat_account_id151"
"sat_account_id160","Depreciación acumulada de otros activos fijos","171.08","sat_account_id151"
"sat_account_id161","Depreciación acumulada de ferrocarriles","171.09","sat_account_id151"
"sat_account_id162","Depreciación acumulada de embarcaciones","171.10","sat_account_id151"
"sat_account_id163","Depreciación acumulada de aviones","171.11","sat_account_id151"
"sat_account_id164","Depreciación acumulada de troqueles, moldes, matrices y herramental","171.12","sat_account_id151"
"sat_account_id165","Depreciación acumulada de equipo de comunicaciones telefónicas","171.13","sat_account_id151"
"sat_account_id166","Depreciación acumulada de equipo de comunicación satelital","171.14","sat_account_id151"
"sat_account_id167","Depreciación acumulada de equipo de adaptaciones para personas con capacidades diferentes","171.15","sat_account_id151"
"sat_account_id168","Depreciación acumulada de maquinaria y equipo de generación de energía de fuentes renovableso de sistemas de cogeneración de electricidad eficiente","171.16","sat_account_id151"
"sat_account_id169","Depreciación acumulada de adaptaciones y mejoras","171.17","sat_account_id151"
"sat_account_id170","Depreciación acumulada de otra maquinaria y equipo","171.18","sat_account_id151"
"sat_account_id171","Pérdida por deterioro acumulado de activos fijos","172","sat_account_id111"
"sat_account_id172","Pérdida por deterioro acumulado de edificios","172.01","sat_account_id170"
"sat_account_id173","Pérdida por deterioro acumulado de maquinaria y equipo","172.02","sat_account_id170"
"sat_account_id174","Pérdida por deterioro acumulado de automóviles, autobuses, camiones de carga, tractocamiones,montacargas y remolques","172.03","sat_account_id170"
"sat_account_id175","Pérdida por deterioro acumulado de mobiliario y equipo de oficina","172.04","sat_account_id170"
"sat_account_id176","Pérdida por deterioro acumulado de equipo de cómputo","172.05","sat_account_id170"
"sat_account_id177","Pérdida por deterioro acumulado de equipo de comunicación","172.06","sat_account_id170"
"sat_account_id178","Pérdida por deterioro acumulado de activos biológicos, vegetales y semovientes","172.07","sat_account_id170"
"sat_account_id179","Pérdida por deterioro acumulado de otros activos fijos","172.08","sat_account_id170"
"sat_account_id180","Pérdida por deterioro acumulado de ferrocarriles","172.09","sat_account_id170"
"sat_account_id181","Pérdida por deterioro acumulado de embarcaciones","172.10","sat_account_id170"
"sat_account_id182","Pérdida por deterioro acumulado de aviones","172.11","sat_account_id170"
"sat_account_id183","Pérdida por deterioro acumulado de troqueles, moldes, matrices y herramental","172.12","sat_account_id170"
"sat_account_id184","Pérdida por deterioro acumulado de equipo de comunicaciones telefónicas","172.13","sat_account_id170"
"sat_account_id185","Pérdida por deterioro acumulado de equipo de comunicación satelital","172.14","sat_account_id170"
"sat_account_id186","Pérdida por deterioro acumulado de equipo de adaptaciones para personas con capacidadesdiferentes","172.15","sat_account_id170"
"sat_account_id187","Pérdida por deterioro acumulado de maquinaria y equipo de generación de energía de fuentesrenovables o de sistemas de cogeneración de electricidad eficiente","172.16","sat_account_id170"
"sat_account_id188","Pérdida por deterioro acumulado de adaptaciones y mejoras","172.17","sat_account_id170"
"sat_account_id189","Pérdida por deterioro acumulado de otra maquinaria y equipo","172.18","sat_account_id170"
"sat_account_id190","Gastos diferidos","173","sat_account_id111"
"sat_account_id191","Gastos diferidos","173.01","sat_account_id189"
"sat_account_id192","Gastos pre operativos","174","sat_account_id111"
"sat_account_id193","Gastos pre operativos","174.01","sat_account_id191"
"sat_account_id194","Regalías, asistencia técnica y otros gastos diferidos","175","sat_account_id111"
"sat_account_id195","Regalías, asistencia técnica y otros gastos diferidos","175.01","sat_account_id193"
"sat_account_id196","Activos intangibles","176","sat_account_id111"
"sat_account_id197","Activos intangibles","176.01","sat_account_id195"
"sat_account_id198","Gastos de organización","177","sat_account_id111"
"sat_account_id199","Gastos de organización","177.01","sat_account_id197"
"sat_account_id200","Investigación y desarrollo de mercado","178","sat_account_id111"
"sat_account_id201","Investigación y desarrollo de mercado","178.01","sat_account_id199"
"sat_account_id202","Marcas y patentes","179","sat_account_id111"
"sat_account_id203","Marcas y patentes","179.01","sat_account_id201"
"sat_account_id204","Crédito mercantil","180","sat_account_id111"
"sat_account_id205","Crédito mercantil","180.01","sat_account_id203"
"sat_account_id206","Gastos de instalación","181","sat_account_id111"
"sat_account_id207","Gastos de instalación","181.01","sat_account_id205"
"sat_account_id208","Otros activos diferidos","182","sat_account_id111"
"sat_account_id209","Otros activos diferidos","182.01","sat_account_id207"
"sat_account_id210","Amortización acumulada de activos diferidos","183","sat_account_id111"
"sat_account_id211","Amortización acumulada de gastos diferidos","183.01","sat_account_id209"
"sat_account_id212","Amortización acumulada de gastos pre operativos","183.02","sat_account_id209"
"sat_account_id213","Amortización acumulada de regalías, asistencia técnica y otros gastos diferidos","183.03","sat_account_id209"
"sat_account_id214","Amortización acumulada de activos intangibles","183.04","sat_account_id209"
"sat_account_id215","Amortización acumulada de gastos de organización","183.05","sat_account_id209"
"sat_account_id216","Amortización acumulada de investigación y desarrollo de mercado","183.06","sat_account_id209"
"sat_account_id217","Amortización acumulada de marcas y patentes","183.07","sat_account_id209"
"sat_account_id218","Amortización acumulada de crédito mercantil","183.08","sat_account_id209"
"sat_account_id219","Amortización acumulada de gastos de instalación","183.09","sat_account_id209"
"sat_account_id220","Amortización acumulada de otros activos diferidos","183.10","sat_account_id209"
"sat_account_id221","Depósitos en garantía","184","sat_account_id111"
"sat_account_id222","Depósitos de fianzas","184.01","sat_account_id220"
"sat_account_id223","Depósitos de arrendamiento de bienes inmuebles","184.02","sat_account_id220"
"sat_account_id224","Otros depósitos en garantía","184.03","sat_account_id220"
"sat_account_id225","Impuestos diferidos","185","sat_account_id111"
"sat_account_id226","Impuestos diferidos ISR","185.01","sat_account_id224"
"sat_account_id227","Cuentas y documentos por cobrar a largo plazo","186","sat_account_id111"
"sat_account_id228","Cuentas y documentos por cobrar a largo plazo nacional","186.01","sat_account_id226"
"sat_account_id229","Cuentas y documentos por cobrar a largo plazo extranjero","186.02","sat_account_id226"
"sat_account_id230","Cuentas y documentos por cobrar a largo plazo nacional parte relacionada","186.03","sat_account_id226"
"sat_account_id231","Cuentas y documentos por cobrar a largo plazo extranjero parte relacionada","186.04","sat_account_id226"
"sat_account_id232","Intereses por cobrar a largo plazo nacional","186.05","sat_account_id226"
"sat_account_id233","Intereses por cobrar a largo plazo extranjero","186.06","sat_account_id226"
"sat_account_id234","Intereses por cobrar a largo plazo nacional parte relacionada","186.07","sat_account_id226"
"sat_account_id235","Intereses por cobrar a largo plazo extranjero parte relacionada","186.08","sat_account_id226"
"sat_account_id236","Otras cuentas y documentos por cobrar a largo plazo","186.09","sat_account_id226"
"sat_account_id237","Otras cuentas y documentos por cobrar a largo plazo parte relacionada","186.10","sat_account_id226"
"sat_account_id238","Participación de los trabajadores en las utilidades diferidas","187","sat_account_id111"
"sat_account_id239","Participación de los trabajadores en las utilidades diferidas","187.01","sat_account_id237"
"sat_account_id240","Inversiones permanentes en acciones","188","sat_account_id111"
"sat_account_id241","Inversiones a largo plazo en subsidiarias","188.01","sat_account_id239"
"sat_account_id242","Inversiones a largo plazo en asociadas","188.02","sat_account_id239"
"sat_account_id243","Otras inversiones permanentes en acciones","188.03","sat_account_id239"
"sat_account_id244","Estimación por deterioro de inversiones permanentes en acciones","189","sat_account_id111"
"sat_account_id245","Estimación por deterioro de inversiones permanentes en acciones","189.01","sat_account_id243"
"sat_account_id246","Otros instrumentos financieros","190","sat_account_id111"
"sat_account_id247","Otros instrumentos financieros","190.01","sat_account_id245"
"sat_account_id248","Otros activos a largo plazo","191","sat_account_id111"
"sat_account_id249","Otros activos a largo plazo","191.01","sat_account_id247"
"sat_account_id250","Pasivo","200",
"sat_account_id251","Pasivo a corto plazo","200.01","sat_account_id249"
"sat_account_id252","Proveedores","201","sat_account_id250"
"sat_account_id253","Proveedores nacionales","201.01","sat_account_id251"
"sat_account_id254","Proveedores extranjeros","201.02","sat_account_id251"
"sat_account_id255","Proveedores nacionales parte relacionada","201.03","sat_account_id251"
"sat_account_id256","Proveedores extranjeros parte relacionada","201.04","sat_account_id251"
"sat_account_id257","Cuentas por pagar a corto plazo","202","sat_account_id250"
"sat_account_id258","Documentos por pagar bancario y financiero nacional","202.01","sat_account_id256"
"sat_account_id259","Documentos por pagar bancario y financiero extranjero","202.02","sat_account_id256"
"sat_account_id260","Documentos y cuentas por pagar a corto plazo nacional","202.03","sat_account_id256"
"sat_account_id261","Documentos y cuentas por pagar a corto plazo extranjero","202.04","sat_account_id256"
"sat_account_id262","Documentos y cuentas por pagar a corto plazo nacional parte relacionada","202.05","sat_account_id256"
"sat_account_id263","Documentos y cuentas por pagar a corto plazo extranjero parte relacionada","202.06","sat_account_id256"
"sat_account_id264","Intereses por pagar a corto plazo nacional","202.07","sat_account_id256"
"sat_account_id265","Intereses por pagar a corto plazo extranjero","202.08","sat_account_id256"
"sat_account_id266","Intereses por pagar a corto plazo nacional parte relacionada","202.09","sat_account_id256"
"sat_account_id267","Intereses por pagar a corto plazo extranjero parte relacionada","202.10","sat_account_id256"
"sat_account_id268","Dividendo por pagar nacional","202.11","sat_account_id256"
"sat_account_id269","Dividendo por pagar extranjero","202.12","sat_account_id256"
"sat_account_id270","Cobros anticipados a corto plazo","203","sat_account_id250"
"sat_account_id271","Rentas cobradas por anticipado a corto plazo nacional","203.01","sat_account_id269"
"sat_account_id272","Rentas cobradas por anticipado a corto plazo extranjero","203.02","sat_account_id269"
"sat_account_id273","Rentas cobradas por anticipado a corto plazo nacional parte relacionada","203.03","sat_account_id269"
"sat_account_id274","Rentas cobradas por anticipado a corto plazo extranjero parte relacionada","203.04","sat_account_id269"
"sat_account_id275","Intereses cobrados por anticipado a corto plazo nacional","203.05","sat_account_id269"
"sat_account_id276","Intereses cobrados por anticipado a corto plazo extranjero","203.06","sat_account_id269"
"sat_account_id277","Intereses cobrados por anticipado a corto plazo nacional parte relacionada","203.07","sat_account_id269"
"sat_account_id278","Intereses cobrados por anticipado a corto plazo extranjero parte relacionada","203.08","sat_account_id269"
"sat_account_id279","Factoraje financiero cobrados por anticipado a corto plazo nacional","203.09","sat_account_id269"
"sat_account_id280","Factoraje financiero cobrados por anticipado a corto plazo extranjero","203.10","sat_account_id269"
"sat_account_id281","Factoraje financiero cobrados por anticipado a corto plazo nacional parte relacionada","203.11","sat_account_id269"
"sat_account_id282","Factoraje financiero cobrados por anticipado a corto plazo extranjero parte relacionada","203.12","sat_account_id269"
"sat_account_id283","Arrendamiento financiero cobrados por anticipado a corto plazo nacional","203.13","sat_account_id269"
"sat_account_id284","Arrendamiento financiero cobrados por anticipado a corto plazo extranjero","203.14","sat_account_id269"
"sat_account_id285","Arrendamiento financiero cobrados por anticipado a corto plazo nacional parte relacionada","203.15","sat_account_id269"
"sat_account_id286","Arrendamiento financiero cobrados por anticipado a corto plazo extranjero parte relacionada","203.16","sat_account_id269"
"sat_account_id287","Derechos fiduciarios","203.17","sat_account_id269"
"sat_account_id288","Otros cobros anticipados","203.18","sat_account_id269"
"sat_account_id289","Instrumentos financieros a corto plazo","204","sat_account_id250"
"sat_account_id290","Instrumentos financieros a corto plazo","204.01","sat_account_id288"
"sat_account_id291","Acreedores diversos a corto plazo","205","sat_account_id250"
"sat_account_id292","Socios, accionistas o representante legal","205.01","sat_account_id290"
"sat_account_id293","Acreedores diversos a corto plazo nacional","205.02","sat_account_id290"
"sat_account_id294","Acreedores diversos a corto plazo extranjero","205.03","sat_account_id290"
"sat_account_id295","Acreedores diversos a corto plazo nacional parte relacionada","205.4","sat_account_id290"
"sat_account_id296","Acreedores diversos a corto plazo extranjero parte relacionada","205.05","sat_account_id290"
"sat_account_id297","Otros acreedores diversos a corto plazo","205.06","sat_account_id290"
"sat_account_id298","Anticipo de cliente","206","sat_account_id250"
"sat_account_id299","Anticipo de cliente nacional","206.01","sat_account_id297"
"sat_account_id300","Anticipo de cliente extranjero","206.02","sat_account_id297"
"sat_account_id301","Anticipo de cliente nacional parte relacionada","206.03","sat_account_id297"
"sat_account_id302","Anticipo de cliente extranjero parte relacionada","206.04","sat_account_id297"
"sat_account_id303","Otros anticipos de clientes","206.05","sat_account_id297"
"sat_account_id304","Impuestos trasladados","207","sat_account_id250"
"sat_account_id305","IVA trasladado","207.01","sat_account_id303"
"sat_account_id306","IEPS trasladado","207.02","sat_account_id303"
"sat_account_id307","Impuestos trasladados cobrados","208","sat_account_id250"
"sat_account_id308","IVA trasladado cobrado","208.01","sat_account_id306"
"sat_account_id309","IEPS trasladado cobrado","208.02","sat_account_id306"
"sat_account_id310","Impuestos trasladados no cobrados","209","sat_account_id250"
"sat_account_id311","IVA trasladado no cobrado","209.01","sat_account_id309"
"sat_account_id312","IEPS trasladado no cobrado","209.02","sat_account_id309"
"sat_account_id313","Provisión de sueldos y salarios por pagar","210","sat_account_id250"
"sat_account_id314","Provisión de sueldos y salarios por pagar","210.01","sat_account_id312"
"sat_account_id315","Provisión de vacaciones por pagar","210.02","sat_account_id312"
"sat_account_id316","Provisión de aguinaldo por pagar","210.03","sat_account_id312"
"sat_account_id317","Provisión de fondo de ahorro por pagar","210.04","sat_account_id312"
"sat_account_id318","Provisión de asimilados a salarios por pagar","210.05","sat_account_id312"
"sat_account_id319","Provisión de anticipos o remanentes por distribuir","210.06","sat_account_id312"
"sat_account_id320","Provisión de otros sueldos y salarios por pagar","210.07","sat_account_id312"
"sat_account_id321","Provisión de contribuciones de seguridad social por pagar","211","sat_account_id250"
"sat_account_id322","Provisión de IMSS patronal por pagar","211.01","sat_account_id320"
"sat_account_id323","Provisión de SAR por pagar","211.02","sat_account_id320"
"sat_account_id324","Provisión de infonavit por pagar","211.03","sat_account_id320"
"sat_account_id325","Provisión de impuesto estatal sobre nómina por pagar","212","sat_account_id250"
"sat_account_id326","Provisión de impuesto estatal sobre nómina por pagar","212.01","sat_account_id324"
"sat_account_id327","Impuestos y derechos por pagar","213","sat_account_id250"
"sat_account_id328","IVA por pagar","213.01","sat_account_id326"
"sat_account_id329","IEPS por pagar","213.02","sat_account_id326"
"sat_account_id330","ISR por pagar","213.03","sat_account_id326"
"sat_account_id331","Impuesto estatal sobre nómina por pagar","213.04","sat_account_id326"
"sat_account_id332","Impuesto estatal y municipal por pagar","213.05","sat_account_id326"
"sat_account_id333","Derechos por pagar","213.06","sat_account_id326"
"sat_account_id334","Otros impuestos por pagar","213.07","sat_account_id326"
"sat_account_id335","Dividendos por pagar","214","sat_account_id250"
"sat_account_id336","Dividendos por pagar","214.01","sat_account_id334"
"sat_account_id337","PTU por pagar","215","sat_account_id250"
"sat_account_id338","PTU por pagar","215.01","sat_account_id336"
"sat_account_id339","PTU por pagar de ejercicios anteriores","215.02","sat_account_id336"
"sat_account_id340","Provisión de PTU por pagar","215.03","sat_account_id336"
"sat_account_id341","Impuestos retenidos","216","sat_account_id250"
"sat_account_id342","Impuestos retenidos de ISR por sueldos y salarios","216.01","sat_account_id340"
"sat_account_id343","Impuestos retenidos de ISR por asimilados a salarios","216.02","sat_account_id340"
"sat_account_id344","Impuestos retenidos de ISR por arrendamiento","216.03","sat_account_id340"
"sat_account_id345","Impuestos retenidos de ISR por servicios profesionales","216.04","sat_account_id340"
"sat_account_id346","Impuestos retenidos de ISR por dividendos","216.05","sat_account_id340"
"sat_account_id347","Impuestos retenidos de ISR por intereses","216.06","sat_account_id340"
"sat_account_id348","Impuestos retenidos de ISR por pagos al extranjero","216.07","sat_account_id340"
"sat_account_id349","Impuestos retenidos de ISR por venta de acciones","216.08","sat_account_id340"
"sat_account_id350","Impuestos retenidos de ISR por venta de partes sociales","216.09","sat_account_id340"
"sat_account_id351","Impuestos retenidos de IVA","216.10","sat_account_id340"
"sat_account_id352","Retenciones de IMSS a los trabajadores","216.11","sat_account_id340"
"sat_account_id353","Otras impuestos retenidos","216.12","sat_account_id340"
"sat_account_id354","Pagos realizados por cuenta de terceros","217","sat_account_id250"
"sat_account_id355","Pagos realizados por cuenta de terceros","217.01","sat_account_id353"
"sat_account_id356","Otros pasivos a corto plazo","218","sat_account_id250"
"sat_account_id357","Otros pasivos a corto plazo","218.01","sat_account_id355"
"sat_account_id358","Pasivo a largo plazo","200.02","sat_account_id249"
"sat_account_id359","Acreedores diversos a largo plazo","251","sat_account_id357"
"sat_account_id360","Socios, accionistas o representante legal","251.01","sat_account_id358"
"sat_account_id361","Acreedores diversos a largo plazo nacional","251.02","sat_account_id358"
"sat_account_id362","Acreedores diversos a largo plazo extranjero","251.03","sat_account_id358"
"sat_account_id363","Acreedores diversos a largo plazo nacional parte relacionada","251.04","sat_account_id358"
"sat_account_id364","Acreedores diversos a largo plazo extranjero parte relacionada","251.05","sat_account_id358"
"sat_account_id365","Otros acreedores diversos a largo plazo","251.06","sat_account_id358"
"sat_account_id366","Cuentas por pagar a largo plazo","252","sat_account_id357"
"sat_account_id367","Documentos bancarios y financieros por pagar a largo plazo nacional","252.01","sat_account_id365"
"sat_account_id368","Documentos bancarios y financieros por pagar a largo plazo extranjero","252.02","sat_account_id365"
"sat_account_id369","Documentos y cuentas por pagar a largo plazo nacional","252.03","sat_account_id365"
"sat_account_id370","Documentos y cuentas por pagar a largo plazo extranjero","252.04","sat_account_id365"
"sat_account_id371","Documentos y cuentas por pagar a largo plazo nacional parte relacionada","252.05","sat_account_id365"
"sat_account_id372","Documentos y cuentas por pagar a largo plazo extranjero parte relacionada","252.06","sat_account_id365"
"sat_account_id373","Hipotecas por pagar a largo plazo nacional","252.07","sat_account_id365"
"sat_account_id374","Hipotecas por pagar a largo plazo extranjero","252.08","sat_account_id365"
"sat_account_id375","Hipotecas por pagar a largo plazo nacional parte relacionada","252.09","sat_account_id365"
"sat_account_id376","Hipotecas por pagar a largo plazo extranjero parte relacionada","252.10","sat_account_id365"
"sat_account_id377","Intereses por pagar a largo plazo nacional","252.11","sat_account_id365"
"sat_account_id378","Intereses por pagar a largo plazo extranjero","252.12","sat_account_id365"
"sat_account_id379","Intereses por pagar a largo plazo nacional parte relacionada","252.13","sat_account_id365"
"sat_account_id380","Intereses por pagar a largo plazo extranjero parte relacionada","252.14","sat_account_id365"
"sat_account_id381","Dividendos por pagar nacionales","252.15","sat_account_id365"
"sat_account_id382","Dividendos por pagar extranjeros","252.16","sat_account_id365"
"sat_account_id383","Otras cuentas y documentos por pagar a largo plazo","252.17","sat_account_id365"
"sat_account_id384","Cobros anticipados a largo plazo","253","sat_account_id357"
"sat_account_id385","Rentas cobradas por anticipado a largo plazo nacional","253.01","sat_account_id383"
"sat_account_id386","Rentas cobradas por anticipado a largo plazo extranjero","253.02","sat_account_id383"
"sat_account_id387","Rentas cobradas por anticipado a largo plazo nacional parte relacionada","253.03","sat_account_id383"
"sat_account_id388","Rentas cobradas por anticipado a largo plazo extranjero parte relacionada","253.04","sat_account_id383"
"sat_account_id389","Intereses cobrados por anticipado a largo plazo nacional","253.05","sat_account_id383"
"sat_account_id390","Intereses cobrados por anticipado a largo plazo extranjero","253.06","sat_account_id383"
"sat_account_id391","Intereses cobrados por anticipado a largo plazo nacional parte relacionada","253.07","sat_account_id383"
"sat_account_id392","Intereses cobrados por anticipado a largo plazo extranjero parte relacionada","253.08","sat_account_id383"
"sat_account_id393","Factoraje financiero cobrados por anticipado a largo plazo nacional","253.09","sat_account_id383"
"sat_account_id394","Factoraje financiero cobrados por anticipado a largo plazo extranjero","253.10","sat_account_id383"
"sat_account_id395","Factoraje financiero cobrados por anticipado a largo plazo nacional parte relacionada","253.11","sat_account_id383"
"sat_account_id396","Factoraje financiero cobrados por anticipado a largo plazo extranjero parte relacionada","253.12","sat_account_id383"
"sat_account_id397","Arrendamiento financiero cobrados por anticipado a largo plazo nacional","253.13","sat_account_id383"
"sat_account_id398","Arrendamiento financiero cobrados por anticipado a largo plazo extranjero","253.14","sat_account_id383"
"sat_account_id399","Arrendamiento financiero cobrados por anticipado a largo plazo nacional parte relacionada","253.15","sat_account_id383"
"sat_account_id400","Arrendamiento financiero cobrados por anticipado a largo plazo extranjero parte relacionada","253.16","sat_account_id383"
"sat_account_id401","Derechos fiduciarios","253.17","sat_account_id383"
"sat_account_id402","Otros cobros anticipados","253.18","sat_account_id383"
"sat_account_id403","Instrumentos financieros a largo plazo","254","sat_account_id357"
"sat_account_id404","Instrumentos financieros a largo plazo","254.01","sat_account_id402"
"sat_account_id405","Pasivos por beneficios a los empleados a largo plazo","255","sat_account_id357"
"sat_account_id406","Pasivos por beneficios a los empleados a largo plazo","255.01","sat_account_id404"
"sat_account_id407","Otros pasivos a largo plazo","256","sat_account_id357"
"sat_account_id408","Otros pasivos a largo plazo","256.01","sat_account_id406"
"sat_account_id409","Participación de los trabajadores en las utilidades diferida","257","sat_account_id357"
"sat_account_id410","Participación de los trabajadores en las utilidades diferida","257.01","sat_account_id408"
"sat_account_id411","Obligaciones contraídas de fideicomisos","258","sat_account_id357"
"sat_account_id412","Obligaciones contraídas de fideicomisos","258.01","sat_account_id410"
"sat_account_id413","Impuestos diferidos","259","sat_account_id357"
"sat_account_id414","ISR diferido","259.01","sat_account_id412"
"sat_account_id415","ISR por dividendo diferido","259.02","sat_account_id412"
"sat_account_id416","Otros impuestos diferidos","259.03","sat_account_id412"
"sat_account_id417","Pasivos diferidos","260","sat_account_id357"
"sat_account_id418","Pasivos diferidos","260.01","sat_account_id416"
"sat_account_id419","Capital contable","300",
"sat_account_id420","Capital social","301","sat_account_id418"
"sat_account_id421","Capital fijo","301.01","sat_account_id419"
"sat_account_id422","Capital variable","301.02","sat_account_id419"
"sat_account_id423","Aportaciones para futuros aumentos de capital","301.03","sat_account_id419"
"sat_account_id424","Prima en suscripción de acciones","301.04","sat_account_id419"
"sat_account_id425","Prima en suscripción de partes sociales","301.05","sat_account_id419"
"sat_account_id426","Patrimonio","302","sat_account_id418"
"sat_account_id427","Patrimonio","302.01","sat_account_id425"
"sat_account_id428","Aportación patrimonial","302.02","sat_account_id425"
"sat_account_id429","Déficit o remanente del ejercicio","302.03","sat_account_id425"
"sat_account_id430","Reserva legal","303","sat_account_id418"
"sat_account_id431","Reserva legal","303.01","sat_account_id429"
"sat_account_id432","Resultado de ejercicios anteriores","304","sat_account_id418"
"sat_account_id433","Utilidad de ejercicios anteriores","304.01","sat_account_id431"
"sat_account_id434","Pérdida de ejercicios anteriores","304.02","sat_account_id431"
"sat_account_id435","Resultado integral de ejercicios anteriores","304.03","sat_account_id431"
"sat_account_id436","Déficit o remanente de ejercicio anteriores","304.04","sat_account_id431"
"sat_account_id437","Resultado del ejercicio","305","sat_account_id418"
"sat_account_id438","Utilidad del ejercicio","305.01","sat_account_id436"
"sat_account_id439","Pérdida del ejercicio","305.02","sat_account_id436"
"sat_account_id440","Resultado integral","305.03","sat_account_id436"
"sat_account_id441","Otras cuentas de capital","306","sat_account_id418"
"sat_account_id442","Otras cuentas de capital","306.01","sat_account_id440"
"sat_account_id443","Ingresos","400",
"sat_account_id444","Ingresos","401","sat_account_id443"
"sat_account_id445","Ventas y/o servicios gravados a la tasa general","401.01","sat_account_id443"
"sat_account_id446","Ventas y/o servicios gravados a la tasa general de contado","401.02","sat_account_id443"
"sat_account_id447","Ventas y/o servicios gravados a la tasa general a crédito","401.03","sat_account_id443"
"sat_account_id448","Ventas y/o servicios gravados al 0%","401.04","sat_account_id443"
"sat_account_id449","Ventas y/o servicios gravados al 0% de contado","401.05","sat_account_id443"
"sat_account_id450","Ventas y/o servicios gravados al 0% a crédito","401.06","sat_account_id443"
"sat_account_id451","Ventas y/o servicios exentos","401.07","sat_account_id443"
"sat_account_id452","Ventas y/o servicios exentos de contado","401.08","sat_account_id443"
"sat_account_id453","Ventas y/o servicios exentos a crédito","401.09","sat_account_id443"
"sat_account_id454","Ventas y/o servicios gravados a la tasa general nacionales partes relacionadas","401.10","sat_account_id443"
"sat_account_id455","Ventas y/o servicios gravados a la tasa general extranjeros partes relacionadas","401.11","sat_account_id443"
"sat_account_id456","Ventas y/o servicios gravados al 0% nacionales partes relacionadas","401.12","sat_account_id443"
"sat_account_id457","Ventas y/o servicios gravados al 0% extranjeros partes relacionadas","401.13","sat_account_id443"
"sat_account_id458","Ventas y/o servicios exentos nacionales partes relacionadas","401.14","sat_account_id443"
"sat_account_id459","Ventas y/o servicios exentos extranjeros partes relacionadas","401.15","sat_account_id443"
"sat_account_id460","Ingresos por servicios administrativos","401.16","sat_account_id443"
"sat_account_id461","Ingresos por servicios administrativos nacionales partes relacionadas","401.17","sat_account_id443"
"sat_account_id462","Ingresos por servicios administrativos extranjeros partes relacionadas","401.18","sat_account_id443"
"sat_account_id463","Ingresos por servicios profesionales","401.19","sat_account_id443"
"sat_account_id464","Ingresos por servicios profesionales nacionales partes relacionadas","401.20","sat_account_id443"
"sat_account_id465","Ingresos por servicios profesionales extranjeros partes relacionadas","401.21","sat_account_id443"
"sat_account_id466","Ingresos por arrendamiento","401.22","sat_account_id443"
"sat_account_id467","Ingresos por arrendamiento nacionales partes relacionadas","401.23","sat_account_id443"
"sat_account_id468","Ingresos por arrendamiento extranjeros partes relacionadas","401.24","sat_account_id443"
"sat_account_id469","Ingresos por exportación","401.25","sat_account_id443"
"sat_account_id470","Ingresos por comisiones","401.26","sat_account_id443"
"sat_account_id471","Ingresos por maquila","401.27","sat_account_id443"
"sat_account_id472","Ingresos por coordinados","401.28","sat_account_id443"
"sat_account_id473","Ingresos por regalías","401.29","sat_account_id443"
"sat_account_id474","Ingresos por asistencia técnica","401.30","sat_account_id443"
"sat_account_id475","Ingresos por donativos","401.31","sat_account_id443"
"sat_account_id476","Ingresos por intereses (actividad propia)","401.32","sat_account_id443"
"sat_account_id477","Ingresos de copropiedad","401.33","sat_account_id443"
"sat_account_id478","Ingresos por fideicomisos","401.34","sat_account_id443"
"sat_account_id479","Ingresos por factoraje financiero","401.35","sat_account_id443"
"sat_account_id480","Ingresos por arrendamiento financiero","401.36","sat_account_id443"
"sat_account_id481","Ingresos de extranjeros con establecimiento en el país","401.37","sat_account_id443"
"sat_account_id482","Otros ingresos propios","401.38","sat_account_id443"
"sat_account_id483","Devoluciones, descuentos o bonificaciones sobre ingresos","402","sat_account_id443"
"sat_account_id484","Devoluciones, descuentos o bonificaciones sobre ventas y/o servicios a la tasa general","402.01","sat_account_id482"
"sat_account_id485","Devoluciones, descuentos o bonificaciones sobre ventas y/o servicios al 0%","402.02","sat_account_id482"
"sat_account_id486","Devoluciones, descuentos o bonificaciones sobre ventas y/o servicios exentos","402.03","sat_account_id482"
"sat_account_id487","Devoluciones, descuentos o bonificaciones de otros ingresos","402.04","sat_account_id482"
"sat_account_id488","Otros ingresos","403","sat_account_id443"
"sat_account_id489","Otros Ingresos","403.01","sat_account_id487"
"sat_account_id490","Otros ingresos nacionales parte relacionada","403.02","sat_account_id487"
"sat_account_id491","Otros ingresos extranjeros parte relacionada","403.03","sat_account_id487"
"sat_account_id492","Ingresos por operaciones discontinuas","403.04","sat_account_id487"
"sat_account_id493","Ingresos por condonación de adeudo","403.05","sat_account_id487"
"sat_account_id494","Costos","500",
"sat_account_id495","Costo de venta y/o servicio","501","sat_account_id493"
"sat_account_id496","Costo de venta","501.01","sat_account_id494"
"sat_account_id497","Costo de servicios (Mano de obra)","501.02","sat_account_id494"
"sat_account_id498","Materia prima directa utilizada para la producción","501.03","sat_account_id494"
"sat_account_id499","Materia prima consumida en el proceso productivo","501.04","sat_account_id494"
"sat_account_id500","Mano de obra directa consumida","501.05","sat_account_id494"
"sat_account_id501","Mano de obra directa","501.06","sat_account_id494"
"sat_account_id502","Cargos indirectos de producción","501.07","sat_account_id494"
"sat_account_id503","Otros conceptos de costo","501.08","sat_account_id494"
"sat_account_id504","Compras","502","sat_account_id493"
"sat_account_id505","Compras nacionales","502.01","sat_account_id503"
"sat_account_id506","Compras nacionales parte relacionada","502.02","sat_account_id503"
"sat_account_id507","Compras de Importación","502.03","sat_account_id503"
"sat_account_id508","Compras de Importación partes relacionadas","502.04","sat_account_id503"
"sat_account_id509","Devoluciones, descuentos o bonificaciones sobre compras","503","sat_account_id493"
"sat_account_id510","Devoluciones, descuentos o bonificaciones sobre compras","503.01","sat_account_id508"
"sat_account_id511","Otras cuentas de costos","504","sat_account_id493"
"sat_account_id512","Gastos indirectos de fabricación","504.01","sat_account_id510"
"sat_account_id513","Gastos indirectos de fabricación de partes relacionadas nacionales","504.02","sat_account_id510"
"sat_account_id514","Gastos indirectos de fabricación de partes relacionadas extranjeras","504.03","sat_account_id510"
"sat_account_id515","Otras cuentas de costos incurridos","504.04","sat_account_id510"
"sat_account_id516","Otras cuentas de costos incurridos con partes relacionadas nacionales","504.05","sat_account_id510"
"sat_account_id517","Otras cuentas de costos incurridos con partes relacionadas extranjeras","504.06","sat_account_id510"
"sat_account_id518","Depreciación de edificios","504.07","sat_account_id510"
"sat_account_id519","Depreciación de maquinaria y equipo","504.08","sat_account_id510"
"sat_account_id520","Depreciación de automóviles, autobuses, camiones de carga, tractocamiones, montacargas yremolques","504.09","sat_account_id510"
"sat_account_id521","Depreciación de mobiliario y equipo de oficina","504.10","sat_account_id510"
"sat_account_id522","Depreciación de equipo de cómputo","504.11","sat_account_id510"
"sat_account_id523","Depreciación de equipo de comunicación","504.12","sat_account_id510"
"sat_account_id524","Depreciación de activos biológicos, vegetales y semovientes","504.13","sat_account_id510"
"sat_account_id525","Depreciación de otros activos fijos","504.14","sat_account_id510"
"sat_account_id526","Depreciación de ferrocarriles","504.15","sat_account_id510"
"sat_account_id527","Depreciación de embarcaciones","504.16","sat_account_id510"
"sat_account_id528","Depreciación de aviones","504.17","sat_account_id510"
"sat_account_id529","Depreciación de troqueles, moldes, matrices y herramental","504.18","sat_account_id510"
"sat_account_id530","Depreciación de equipo de comunicaciones telefónicas","504.19","sat_account_id510"
"sat_account_id531","Depreciación de equipo de comunicación satelital","504.20","sat_account_id510"
"sat_account_id532","Depreciación de equipo de adaptaciones para personas con capacidades diferentes","504.21","sat_account_id510"
"sat_account_id533","Depreciación de maquinaria y equipo de generación de energía de fuentes renovables o desistemas de cogeneración de electricidad eficiente","504.22","sat_account_id510"
"sat_account_id534","Depreciación de adaptaciones y mejoras","504.23","sat_account_id510"
"sat_account_id535","Depreciación de otra maquinaria y equipo","504.24","sat_account_id510"
"sat_account_id536","Otras cuentas de costos","504.25","sat_account_id510"
"sat_account_id537","Costo de activo fijo","505","sat_account_id493"
"sat_account_id538","Costo por venta de activo fijo","505.01","sat_account_id536"
"sat_account_id539","Costo por baja de activo fijo","505.02","sat_account_id536"
"sat_account_id540","Gastos","600",
"sat_account_id541","Gastos generales","601","sat_account_id539"
"sat_account_id542","Sueldos y salarios","601.01","sat_account_id540"
"sat_account_id543","Compensaciones","601.02","sat_account_id540"
"sat_account_id544","Tiempos extras","601.03","sat_account_id540"
"sat_account_id545","Premios de asistencia","601.04","sat_account_id540"
"sat_account_id546","Premios de puntualidad","601.05","sat_account_id540"
"sat_account_id547","Vacaciones","601.06","sat_account_id540"
"sat_account_id548","Prima vacacional","601.07","sat_account_id540"
"sat_account_id549","Prima dominical","601.08","sat_account_id540"
"sat_account_id550","Días festivos","601.09","sat_account_id540"
"sat_account_id551","Gratificaciones","601.10","sat_account_id540"
"sat_account_id552","Primas de antigüedad","601.11","sat_account_id540"
"sat_account_id553","Aguinaldo","601.12","sat_account_id540"
"sat_account_id554","Indemnizaciones","601.13","sat_account_id540"
"sat_account_id555","Destajo","601.14","sat_account_id540"
"sat_account_id556","Despensa","601.15","sat_account_id540"
"sat_account_id557","Transporte","601.16","sat_account_id540"
"sat_account_id558","Servicio médico","601.17","sat_account_id540"
"sat_account_id559","Ayuda en gastos funerarios","601.18","sat_account_id540"
"sat_account_id560","Fondo de ahorro","601.19","sat_account_id540"
"sat_account_id561","Cuotas sindicales","601.20","sat_account_id540"
"sat_account_id562","PTU","601.21","sat_account_id540"
"sat_account_id563","Estímulo al personal","601.22","sat_account_id540"
"sat_account_id564","Previsión social","601.23","sat_account_id540"
"sat_account_id565","Aportaciones para el plan de jubilación","601.24","sat_account_id540"
"sat_account_id566","Otras prestaciones al personal","601.25","sat_account_id540"
"sat_account_id567","Cuotas al IMSS","601.26","sat_account_id540"
"sat_account_id568","Aportaciones al infonavit","601.27","sat_account_id540"
"sat_account_id569","Aportaciones al SAR","601.28","sat_account_id540"
"sat_account_id570","Impuesto estatal sobre nóminas","601.29","sat_account_id540"
"sat_account_id571","Otras aportaciones","601.30","sat_account_id540"
"sat_account_id572","Asimilados a salarios","601.31","sat_account_id540"
"sat_account_id573","Servicios administrativos","601.32","sat_account_id540"
"sat_account_id574","Servicios administrativos partes relacionadas","601.33","sat_account_id540"
"sat_account_id575","Honorarios a personas físicas residentes nacionales","601.34","sat_account_id540"
"sat_account_id576","Honorarios a personas físicas residentes nacionales partes relacionadas","601.35","sat_account_id540"
"sat_account_id577","Honorarios a personas físicas residentes del extranjero","601.36","sat_account_id540"
"sat_account_id578","Honorarios a personas físicas residentes del extranjero partes relacionadas","601.37","sat_account_id540"
"sat_account_id579","Honorarios a personas morales residentes nacionales","601.38","sat_account_id540"
"sat_account_id580","Honorarios a personas morales residentes nacionales partes relacionadas","601.39","sat_account_id540"
"sat_account_id581","Honorarios a personas morales residentes del extranjero","601.40","sat_account_id540"
"sat_account_id582","Honorarios a personas morales residentes del extranjero partes relacionadas","601.41","sat_account_id540"
"sat_account_id583","Honorarios aduanales personas físicas","601.42","sat_account_id540"
"sat_account_id584","Honorarios aduanales personas morales","601.43","sat_account_id540"
"sat_account_id585","Honorarios al consejo de administración","601.44","sat_account_id540"
"sat_account_id586","Arrendamiento a personas físicas residentes nacionales","601.45","sat_account_id540"
"sat_account_id587","Arrendamiento a personas morales residentes nacionales","601.46","sat_account_id540"
"sat_account_id588","Arrendamiento a residentes del extranjero","601.47","sat_account_id540"
"sat_account_id589","Combustibles y lubricantes","601.48","sat_account_id540"
"sat_account_id590","Viáticos y gastos de viaje","601.49","sat_account_id540"
"sat_account_id591","Teléfono, internet","601.50","sat_account_id540"
"sat_account_id592","Agua","601.51","sat_account_id540"
"sat_account_id593","Energía eléctrica","601.52","sat_account_id540"
"sat_account_id594","Vigilancia y seguridad","601.53","sat_account_id540"
"sat_account_id595","Limpieza","601.54","sat_account_id540"
"sat_account_id596","Papelería y artículos de oficina","601.55","sat_account_id540"
"sat_account_id597","Mantenimiento y conservación","601.56","sat_account_id540"
"sat_account_id598","Seguros y fianzas","601.57","sat_account_id540"
"sat_account_id599","Otros impuestos y derechos","601.58","sat_account_id540"
"sat_account_id600","Recargos fiscales","601.59","sat_account_id540"
"sat_account_id601","Cuotas y suscripciones","601.60","sat_account_id540"
"sat_account_id602","Propaganda y publicidad","601.61","sat_account_id540"
"sat_account_id603","Capacitación al personal","601.62","sat_account_id540"
"sat_account_id604","Donativos y ayudas","601.63","sat_account_id540"
"sat_account_id605","Asistencia técnica","601.64","sat_account_id540"
"sat_account_id606","Regalías sujetas a otros porcentajes","601.65","sat_account_id540"
"sat_account_id607","Regalías sujetas al 5%","601.66","sat_account_id540"
"sat_account_id608","Regalías sujetas al 10%","601.67","sat_account_id540"
"sat_account_id609","Regalías sujetas al 15%","601.68","sat_account_id540"
"sat_account_id610","Regalías sujetas al 25%","601.69","sat_account_id540"
"sat_account_id611","Regalías sujetas al 30%","601.70","sat_account_id540"
"sat_account_id612","Regalías sin retención","601.71","sat_account_id540"
"sat_account_id613","Fletes y acarreos","601.72","sat_account_id540"
"sat_account_id614","Gastos de importación","601.73","sat_account_id540"
"sat_account_id615","Comisiones sobre ventas","601.74","sat_account_id540"
"sat_account_id616","Comisiones por tarjetas de crédito","601.75","sat_account_id540"
"sat_account_id617","Patentes y marcas","601.76","sat_account_id540"
"sat_account_id618","Uniformes","601.77","sat_account_id540"
"sat_account_id619","Prediales","601.78","sat_account_id540"
"sat_account_id620","Gastos generales de urbanización","601.79","sat_account_id540"
"sat_account_id621","Gastos generales de construcción","601.80","sat_account_id540"
"sat_account_id622","Fletes del extranjero","601.81","sat_account_id540"
"sat_account_id623","Recolección de bienes del sector agropecuario y/o ganadero","601.82","sat_account_id540"
"sat_account_id624","Gastos no deducibles (sin requisitos fiscales)","601.83","sat_account_id540"
"sat_account_id625","Otros gastos generales","601.84","sat_account_id540"
"sat_account_id626","Gastos de venta","602","sat_account_id539"
"sat_account_id627","Sueldos y salarios","602.01","sat_account_id625"
"sat_account_id628","Compensaciones","602.02","sat_account_id625"
"sat_account_id629","Tiempos extras","602.03","sat_account_id625"
"sat_account_id630","Premios de asistencia","602.04","sat_account_id625"
"sat_account_id631","Premios de puntualidad","602.05","sat_account_id625"
"sat_account_id632","Vacaciones","602.06","sat_account_id625"
"sat_account_id633","Prima vacacional","602.07","sat_account_id625"
"sat_account_id634","Prima dominical","602.08","sat_account_id625"
"sat_account_id635","Días festivos","602.09","sat_account_id625"
"sat_account_id636","Gratificaciones","602.10","sat_account_id625"
"sat_account_id637","Primas de antigüedad","602.11","sat_account_id625"
"sat_account_id638","Aguinaldo","602.12","sat_account_id625"
"sat_account_id639","Indemnizaciones","602.13","sat_account_id625"
"sat_account_id640","Destajo","602.14","sat_account_id625"
"sat_account_id641","Despensa","602.15","sat_account_id625"
"sat_account_id642","Transporte","602.16","sat_account_id625"
"sat_account_id643","Servicio médico","602.17","sat_account_id625"
"sat_account_id644","Ayuda en gastos funerarios","602.18","sat_account_id625"
"sat_account_id645","Fondo de ahorro","602.19","sat_account_id625"
"sat_account_id646","Cuotas sindicales","602.20","sat_account_id625"
"sat_account_id647","PTU","602.21","sat_account_id625"
"sat_account_id648","Estímulo al personal","602.22","sat_account_id625"
"sat_account_id649","Previsión social","602.23","sat_account_id625"
"sat_account_id650","Aportaciones para el plan de jubilación","602.24","sat_account_id625"
"sat_account_id651","Otras prestaciones al personal","602.25","sat_account_id625"
"sat_account_id652","Cuotas al IMSS","602.26","sat_account_id625"
"sat_account_id653","Aportaciones al infonavit","602.27","sat_account_id625"
"sat_account_id654","Aportaciones al SAR","602.28","sat_account_id625"
"sat_account_id655","Impuesto estatal sobre nóminas","602.29","sat_account_id625"
"sat_account_id656","Otras aportaciones","602.30","sat_account_id625"
"sat_account_id657","Asimilados a salarios","602.31","sat_account_id625"
"sat_account_id658","Servicios administrativos","602.32","sat_account_id625"
"sat_account_id659","Servicios administrativos partes relacionadas","602.33","sat_account_id625"
"sat_account_id660","Honorarios a personas físicas residentes nacionales","602.34","sat_account_id625"
"sat_account_id661","Honorarios a personas físicas residentes nacionales partes relacionadas","602.35","sat_account_id625"
"sat_account_id662","Honorarios a personas físicas residentes del extranjero","602.36","sat_account_id625"
"sat_account_id663","Honorarios a personas físicas residentes del extranjero partes relacionadas","602.37","sat_account_id625"
"sat_account_id664","Honorarios a personas morales residentes nacionales","602.38","sat_account_id625"
"sat_account_id665","Honorarios a personas morales residentes nacionales partes relacionadas","602.39","sat_account_id625"
"sat_account_id666","Honorarios a personas morales residentes del extranjero","602.40","sat_account_id625"
"sat_account_id667","Honorarios a personas morales residentes del extranjero partes relacionadas","602.41","sat_account_id625"
"sat_account_id668","Honorarios aduanales personas físicas","602.42","sat_account_id625"
"sat_account_id669","Honorarios aduanales personas morales","602.43","sat_account_id625"
"sat_account_id670","Honorarios al consejo de administración","602.44","sat_account_id625"
"sat_account_id671","Arrendamiento a personas físicas residentes nacionales","602.45","sat_account_id625"
"sat_account_id672","Arrendamiento a personas morales residentes nacionales","602.46","sat_account_id625"
"sat_account_id673","Arrendamiento a residentes del extranjero","602.47","sat_account_id625"
"sat_account_id674","Combustibles y lubricantes","602.48","sat_account_id625"
"sat_account_id675","Viáticos y gastos de viaje","602.49","sat_account_id625"
"sat_account_id676","Teléfono, internet","602.50","sat_account_id625"
"sat_account_id677","Agua","602.51","sat_account_id625"
"sat_account_id678","Energía eléctrica","602.52","sat_account_id625"
"sat_account_id679","Vigilancia y seguridad","602.53","sat_account_id625"
"sat_account_id680","Limpieza","602.54","sat_account_id625"
"sat_account_id681","Papelería y artículos de oficina","602.55","sat_account_id625"
"sat_account_id682","Mantenimiento y conservación","602.56","sat_account_id625"
"sat_account_id683","Seguros y fianzas","602.57","sat_account_id625"
"sat_account_id684","Seguros y fianzas","602.58","sat_account_id625"
"sat_account_id685","Recargos fiscales","602.59","sat_account_id625"
"sat_account_id686","Cuotas y suscripciones","602.60","sat_account_id625"
"sat_account_id687","Propaganda y publicidad","602.61","sat_account_id625"
"sat_account_id688","Capacitación al personal","602.62","sat_account_id625"
"sat_account_id689","Donativos y ayudas","602.63","sat_account_id625"
"sat_account_id690","Asistencia técnica","602.64","sat_account_id625"
"sat_account_id691","Regalías sujetas a otros porcentajes","602.65","sat_account_id625"
"sat_account_id692","Regalías sujetas al 5%","602.66","sat_account_id625"
"sat_account_id693","Regalías sujetas al 10%","602.67","sat_account_id625"
"sat_account_id694","Regalías sujetas al 15%","602.68","sat_account_id625"
"sat_account_id695","Regalías sujetas al 25%","602.69","sat_account_id625"
"sat_account_id696","Regalías sujetas al 30%","602.70","sat_account_id625"
"sat_account_id697","Regalías sin retención","602.71","sat_account_id625"
"sat_account_id698","Fletes y acarreos","602.72","sat_account_id625"
"sat_account_id699","Gastos de importación","602.73","sat_account_id625"
"sat_account_id700","Comisiones sobre ventas","602.74","sat_account_id625"
"sat_account_id701","Comisiones por tarjetas de crédito","602.75","sat_account_id625"
"sat_account_id702","Patentes y marcas","602.76","sat_account_id625"
"sat_account_id703","Uniformes","602.77","sat_account_id625"
"sat_account_id704","Prediales","602.78","sat_account_id625"
"sat_account_id705","Gastos de venta de urbanización","602.79","sat_account_id625"
"sat_account_id706","Gastos de venta de construcción","602.80","sat_account_id625"
"sat_account_id707","Fletes del extranjero","602.81","sat_account_id625"
"sat_account_id708","Recolección de bienes del sector agropecuario y/o ganadero","602.82","sat_account_id625"
"sat_account_id709","Gastos no deducibles (sin requisitos fiscales)","602.83","sat_account_id625"
"sat_account_id710","Otros gastos de venta","602.84","sat_account_id625"
"sat_account_id711","Gastos de administración","603","sat_account_id539"
"sat_account_id712","Sueldos y salarios","603.01","sat_account_id710"
"sat_account_id713","Compensaciones","603.02","sat_account_id710"
"sat_account_id714","Tiempos extras","603.03","sat_account_id710"
"sat_account_id715","Premios de asistencia","603.04","sat_account_id710"
"sat_account_id716","Premios de puntualidad","603.05","sat_account_id710"
"sat_account_id717","Vacaciones","603.06","sat_account_id710"
"sat_account_id718","Prima vacacional","603.07","sat_account_id710"
"sat_account_id719","Prima dominical","603.08","sat_account_id710"
"sat_account_id720","Días festivos","603.09","sat_account_id710"
"sat_account_id721","Gratificaciones","603.10","sat_account_id710"
"sat_account_id722","Primas de antigüedad ","603.11","sat_account_id710"
"sat_account_id723","Aguinaldo ","603.12","sat_account_id710"
"sat_account_id724","Indemnizaciones ","603.13","sat_account_id710"
"sat_account_id725","Destajo ","603.14","sat_account_id710"
"sat_account_id726","Despensa ","603.15","sat_account_id710"
"sat_account_id727","Transporte ","603.16","sat_account_id710"
"sat_account_id728","Servicio médico ","603.17","sat_account_id710"
"sat_account_id729","Ayuda en gastos funerarios ","603.18","sat_account_id710"
"sat_account_id730","Fondo de ahorro ","603.19","sat_account_id710"
"sat_account_id731","Cuotas sindicales ","603.20","sat_account_id710"
"sat_account_id732","PTU ","603.21","sat_account_id710"
"sat_account_id733","Estímulo al personal ","603.22","sat_account_id710"
"sat_account_id734","Previsión social ","603.23","sat_account_id710"
"sat_account_id735","Aportaciones para el plan de jubilación ","603.24","sat_account_id710"
"sat_account_id736","Otras prestaciones al personal ","603.25","sat_account_id710"
"sat_account_id737","Cuotas al IMSS ","603.26","sat_account_id710"
"sat_account_id738","Aportaciones al infonavit ","603.27","sat_account_id710"
"sat_account_id739","Aportaciones al SAR ","603.28","sat_account_id710"
"sat_account_id740","Impuesto estatal sobre nóminas ","603.29","sat_account_id710"
"sat_account_id741","Otras aportaciones ","603.30","sat_account_id710"
"sat_account_id742","Asimilados a salarios ","603.31","sat_account_id710"
"sat_account_id743","Servicios administrativos ","603.32","sat_account_id710"
"sat_account_id744","Servicios administrativos partes relacionadas ","603.33","sat_account_id710"
"sat_account_id745","Honorarios a personas físicas residentes nacionales ","603.34","sat_account_id710"
"sat_account_id746","Honorarios a personas físicas residentes nacionales partes relacionadas ","603.35","sat_account_id710"
"sat_account_id747","Honorarios a personas físicas residentes del extranjero ","603.36","sat_account_id710"
"sat_account_id748","Honorarios a personas físicas residentes del extranjero partes relacionadas ","603.37","sat_account_id710"
"sat_account_id749","Honorarios a personas morales residentes nacionales ","603.38","sat_account_id710"
"sat_account_id750","Honorarios a personas morales residentes nacionales partes relacionadas ","603.39","sat_account_id710"
"sat_account_id751","Honorarios a personas morales residentes del extranjero ","603.40","sat_account_id710"
"sat_account_id752","Honorarios a personas morales residentes del extranjero partes relacionadas ","603.41","sat_account_id710"
"sat_account_id753","Honorarios aduanales personas físicas ","603.42","sat_account_id710"
"sat_account_id754","Honorarios aduanales personas morales ","603.43","sat_account_id710"
"sat_account_id755","Honorarios al consejo de administración ","603.44","sat_account_id710"
"sat_account_id756","Arrendamiento a personas físicas residentes nacionales ","603.45","sat_account_id710"
"sat_account_id757","Arrendamiento a personas morales residentes nacionales ","603.46","sat_account_id710"
"sat_account_id758","Arrendamiento a residentes del extranjero ","603.47","sat_account_id710"
"sat_account_id759","Combustibles y lubricantes ","603.48","sat_account_id710"
"sat_account_id760","Viáticos y gastos de viaje ","603.49","sat_account_id710"
"sat_account_id761","Teléfono, internet ","603.50","sat_account_id710"
"sat_account_id762","Agua ","603.51","sat_account_id710"
"sat_account_id763","Energía eléctrica ","603.52","sat_account_id710"
"sat_account_id764","Vigilancia y seguridad ","603.53","sat_account_id710"
"sat_account_id765","Limpieza ","603.54","sat_account_id710"
"sat_account_id766","Papelería y artículos de oficina ","603.55","sat_account_id710"
"sat_account_id767","Mantenimiento y conservación ","603.56","sat_account_id710"
"sat_account_id768","Seguros y fianzas ","603.57","sat_account_id710"
"sat_account_id769","Otros impuestos y derechos ","603.58","sat_account_id710"
"sat_account_id770","Recargos fiscales ","603.59","sat_account_id710"
"sat_account_id771","Cuotas y suscripciones ","603.60","sat_account_id710"
"sat_account_id772","Propaganda y publicidad ","603.61","sat_account_id710"
"sat_account_id773","Capacitación al personal ","603.62","sat_account_id710"
"sat_account_id774","Donativos y ayudas ","603.63","sat_account_id710"
"sat_account_id775","Asistencia técnica ","603.64","sat_account_id710"
"sat_account_id776","Regalías sujetas a otros porcentajes ","603.65","sat_account_id710"
"sat_account_id777","Regalías sujetas al 5% ","603.66","sat_account_id710"
"sat_account_id778","Regalías sujetas al 10% ","603.67","sat_account_id710"
"sat_account_id779","Regalías sujetas al 15% ","603.68","sat_account_id710"
"sat_account_id780","Regalías sujetas al 25% ","603.69","sat_account_id710"
"sat_account_id781","Regalías sujetas al 30% ","603.70","sat_account_id710"
"sat_account_id782","Regalías sin retención ","603.71","sat_account_id710"
"sat_account_id783","Fletes y acarreos ","603.72","sat_account_id710"
"sat_account_id784","Gastos de importación ","603.73","sat_account_id710"
"sat_account_id785","Patentes y marcas ","603.74","sat_account_id710"
"sat_account_id786","Uniformes ","603.75","sat_account_id710"
"sat_account_id787","Prediales ","603.76","sat_account_id710"
"sat_account_id788","Gastos de administración de urbanización ","603.77","sat_account_id710"
"sat_account_id789","Gastos de administración de construcción ","603.78","sat_account_id710"
"sat_account_id790","Fletes del extranjero ","603.79","sat_account_id710"
"sat_account_id791","Recolección de bienes del sector agropecuario y/o ganadero ","603.80","sat_account_id710"
"sat_account_id792","Gastos no deducibles (sin requisitos fiscales) ","603.81","sat_account_id710"
"sat_account_id793","Otros gastos de administración ","603.82","sat_account_id710"
"sat_account_id794","Gastos de fabricación","604","sat_account_id539"
"sat_account_id795","Sueldos y salarios ","604.01","sat_account_id793"
"sat_account_id796","Compensaciones ","604.02","sat_account_id793"
"sat_account_id797","Tiempos extras ","604.03","sat_account_id793"
"sat_account_id798","Premios de asistencia ","604.04","sat_account_id793"
"sat_account_id799","Premios de puntualidad ","604.05","sat_account_id793"
"sat_account_id800","Vacaciones ","604.06","sat_account_id793"
"sat_account_id801","Prima vacacional ","604.07","sat_account_id793"
"sat_account_id802","Prima dominical ","604.08","sat_account_id793"
"sat_account_id803","Días festivos ","604.09","sat_account_id793"
"sat_account_id804","Gratificaciones ","604.10","sat_account_id793"
"sat_account_id805","Primas de antigüedad ","604.11","sat_account_id793"
"sat_account_id806","Aguinaldo ","604.12","sat_account_id793"
"sat_account_id807","Indemnizaciones ","604.13","sat_account_id793"
"sat_account_id808","Destajo ","604.14","sat_account_id793"
"sat_account_id809","Despensa ","604.15","sat_account_id793"
"sat_account_id810","Transporte ","604.16","sat_account_id793"
"sat_account_id811","Servicio médico ","604.17","sat_account_id793"
"sat_account_id812","Ayuda en gastos funerarios ","604.18","sat_account_id793"
"sat_account_id813","Fondo de ahorro ","604.19","sat_account_id793"
"sat_account_id814","Cuotas sindicales ","604.20","sat_account_id793"
"sat_account_id815","PTU ","604.21","sat_account_id793"
"sat_account_id816","Estímulo al personal ","604.22","sat_account_id793"
"sat_account_id817","Previsión social ","604.23","sat_account_id793"
"sat_account_id818","Aportaciones para el plan de jubilación ","604.24","sat_account_id793"
"sat_account_id819","Otras prestaciones al personal ","604.25","sat_account_id793"
"sat_account_id820","Cuotas al IMSS ","604.26","sat_account_id793"
"sat_account_id821","Aportaciones al infonavit ","604.27","sat_account_id793"
"sat_account_id822","Aportaciones al SAR ","604.28","sat_account_id793"
"sat_account_id823","Impuesto estatal sobre nóminas ","604.29","sat_account_id793"
"sat_account_id824","Otras aportaciones ","604.30","sat_account_id793"
"sat_account_id825","Asimilados a salarios ","604.31","sat_account_id793"
"sat_account_id826","Servicios administrativos ","604.32","sat_account_id793"
"sat_account_id827","Servicios administrativos partes relacionadas ","604.33","sat_account_id793"
"sat_account_id828","Honorarios a personas físicas residentes nacionales ","604.34","sat_account_id793"
"sat_account_id829","Honorarios a personas físicas residentes nacionales partes relacionadas ","604.35","sat_account_id793"
"sat_account_id830","Honorarios a personas físicas residentes del extranjero ","604.36","sat_account_id793"
"sat_account_id831","Honorarios a personas físicas residentes del extranjero partes relacionadas ","604.37","sat_account_id793"
"sat_account_id832","Honorarios a personas morales residentes nacionales ","604.38","sat_account_id793"
"sat_account_id833","Honorarios a personas morales residentes nacionales partes relacionadas ","604.39","sat_account_id793"
"sat_account_id834","Honorarios a personas morales residentes del extranjero ","604.40","sat_account_id793"
"sat_account_id835","Honorarios a personas morales residentes del extranjero partes relacionadas ","604.41","sat_account_id793"
"sat_account_id836","Honorarios aduanales personas físicas ","604.42","sat_account_id793"
"sat_account_id837","Honorarios aduanales personas morales ","604.43","sat_account_id793"
"sat_account_id838","Honorarios al consejo de administración ","604.44","sat_account_id793"
"sat_account_id839","Arrendamiento a personas físicas residentes nacionales ","604.45","sat_account_id793"
"sat_account_id840","Arrendamiento a personas morales residentes nacionales ","604.46","sat_account_id793"
"sat_account_id841","Arrendamiento a residentes del extranjero ","604.47","sat_account_id793"
"sat_account_id842","Combustibles y lubricantes ","604.48","sat_account_id793"
"sat_account_id843","Viáticos y gastos de viaje ","604.49","sat_account_id793"
"sat_account_id844","Teléfono, internet ","604.50","sat_account_id793"
"sat_account_id845","Agua ","604.51","sat_account_id793"
"sat_account_id846","Energía eléctrica ","604.52","sat_account_id793"
"sat_account_id847","Vigilancia y seguridad ","604.53","sat_account_id793"
"sat_account_id848","Limpieza ","604.54","sat_account_id793"
"sat_account_id849","Papelería y artículos de oficina ","604.55","sat_account_id793"
"sat_account_id850","Mantenimiento y conservación ","604.56","sat_account_id793"
"sat_account_id851","Seguros y fianzas ","604.57","sat_account_id793"
"sat_account_id852","Otros impuestos y derechos ","604.58","sat_account_id793"
"sat_account_id853","Recargos fiscales ","604.59","sat_account_id793"
"sat_account_id854","Cuotas y suscripciones ","604.60","sat_account_id793"
"sat_account_id855","Propaganda y publicidad ","604.61","sat_account_id793"
"sat_account_id856","Capacitación al personal ","604.62","sat_account_id793"
"sat_account_id857","Donativos y ayudas ","604.63","sat_account_id793"
"sat_account_id858","Asistencia técnica ","604.64","sat_account_id793"
"sat_account_id859","Regalías sujetas a otros porcentajes ","604.65","sat_account_id793"
"sat_account_id860","Regalías sujetas al 5% ","604.66","sat_account_id793"
"sat_account_id861","Regalías sujetas al 10% ","604.67","sat_account_id793"
"sat_account_id862","Regalías sujetas al 15% ","604.68","sat_account_id793"
"sat_account_id863","Regalías sujetas al 25% ","604.69","sat_account_id793"
"sat_account_id864","Regalías sujetas al 30% ","604.70","sat_account_id793"
"sat_account_id865","Regalías sin retención ","604.71","sat_account_id793"
"sat_account_id866","Fletes y acarreos ","604.72","sat_account_id793"
"sat_account_id867","Gastos de importación ","604.73","sat_account_id793"
"sat_account_id868","Patentes y marcas ","604.74","sat_account_id793"
"sat_account_id869","Uniformes ","604.75","sat_account_id793"
"sat_account_id870","Prediales ","604.76","sat_account_id793"
"sat_account_id871","Gastos de fabricación de urbanización ","604.77","sat_account_id793"
"sat_account_id872","Gastos de fabricación de construcción ","604.78","sat_account_id793"
"sat_account_id873","Fletes del extranjero ","604.79","sat_account_id793"
"sat_account_id874","Recolección de bienes del sector agropecuario y/o ganadero ","604.80","sat_account_id793"
"sat_account_id875","Gastos no deducibles (sin requisitos fiscales) ","604.81","sat_account_id793"
"sat_account_id876","Otros gastos de fabricación ","604.82","sat_account_id793"
"sat_account_id877","Mano de obra directa ","605","sat_account_id539"
"sat_account_id878","Mano de obra ","605.01","sat_account_id876"
"sat_account_id879","Sueldos y Salarios ","605.02","sat_account_id876"
"sat_account_id880","Compensaciones ","605.03","sat_account_id876"
"sat_account_id881","Tiempos extras ","605.04","sat_account_id876"
"sat_account_id882","Premios de asistencia ","605.05","sat_account_id876"
"sat_account_id883","Premios de puntualidad ","605.06","sat_account_id876"
"sat_account_id884","Vacaciones ","605.07","sat_account_id876"
"sat_account_id885","Prima vacacional ","605.08","sat_account_id876"
"sat_account_id886","Prima dominical ","605.09","sat_account_id876"
"sat_account_id887","Días festivos ","605.10","sat_account_id876"
"sat_account_id888","Gratificaciones ","605.11","sat_account_id876"
"sat_account_id889","Primas de antigüedad ","605.12","sat_account_id876"
"sat_account_id890","Aguinaldo ","605.13","sat_account_id876"
"sat_account_id891","Indemnizaciones ","605.14","sat_account_id876"
"sat_account_id892","Destajo ","605.15","sat_account_id876"
"sat_account_id893","Despensa ","605.16","sat_account_id876"
"sat_account_id894","Transporte ","605.17","sat_account_id876"
"sat_account_id895","Servicio médico ","605.18","sat_account_id876"
"sat_account_id896","Ayuda en gastos funerarios ","605.19","sat_account_id876"
"sat_account_id897","Fondo de ahorro ","605.20","sat_account_id876"
"sat_account_id898","Cuotas sindicales ","605.21","sat_account_id876"
"sat_account_id899","PTU ","605.22","sat_account_id876"
"sat_account_id900","Estímulo al personal ","605.23","sat_account_id876"
"sat_account_id901","Previsión social ","605.24","sat_account_id876"
"sat_account_id902","Aportaciones para el plan de jubilación ","605.25","sat_account_id876"
"sat_account_id903","Otras prestaciones al personal ","605.26","sat_account_id876"
"sat_account_id904","Asimilados a salarios ","605.27","sat_account_id876"
"sat_account_id905","Cuotas al IMSS ","605.28","sat_account_id876"
"sat_account_id906","Aportaciones al infonavit ","605.29","sat_account_id876"
"sat_account_id907","Aportaciones al SAR ","605.30","sat_account_id876"
"sat_account_id908","Otros costos de mano de obra directa ","605.31","sat_account_id876"
"sat_account_id909","Facilidades administrativas fiscales ","606","sat_account_id539"
"sat_account_id910","Facilidades administrativas fiscales ","606.01","sat_account_id908"
"sat_account_id911","Participación de los trabajadores en las utilidades","607","sat_account_id539"
"sat_account_id912","Participación de los trabajadores en las utilidades","607.01","sat_account_id910"
"sat_account_id913","Participación en resultados de subsidiarias","608","sat_account_id539"
"sat_account_id914","Participación en resultados de subsidiarias","608.01","sat_account_id912"
"sat_account_id915","Participación en resultados de asociadas","609","sat_account_id539"
"sat_account_id916","Participación en resultados de asociadas","609.01","sat_account_id914"
"sat_account_id917","Participación de los trabajadores en las utilidades diferida","610","sat_account_id539"
"sat_account_id918","Participación de los trabajadores en las utilidades diferida","610.01","sat_account_id916"
"sat_account_id919","Impuesto Sobre la renta","611","sat_account_id539"
"sat_account_id920","Impuesto Sobre la renta ","611.01","sat_account_id918"
"sat_account_id921","Impuesto Sobre la renta por remanente distribuible ","611.02","sat_account_id918"
"sat_account_id922","Gastos no deducibles para CUFIN ","612","sat_account_id539"
"sat_account_id923","Gastos no deducibles para CUFIN ","612.01","sat_account_id921"
"sat_account_id924","Depreciación contable ","613","sat_account_id539"
"sat_account_id925","Depreciación de edificios ","613.01","sat_account_id923"
"sat_account_id926","Depreciación de maquinaria y equipo ","613.02","sat_account_id923"
"sat_account_id927","Depreciación de automóviles, autobuses, camiones de carga, tractocamiones, montacargas y
Remolques","613.03","sat_account_id923"
"sat_account_id928","Depreciación de mobiliario y equipo de oficina ","613.04","sat_account_id923"
"sat_account_id929","Depreciación de equipo de cómputo ","613.05","sat_account_id923"
"sat_account_id930","Depreciación de equipo de comunicación ","613.06","sat_account_id923"
"sat_account_id931","Depreciación de activos biológicos, vegetales y semovientes ","613.07","sat_account_id923"
"sat_account_id932","Depreciación de otros activos fijos ","613.08","sat_account_id923"
"sat_account_id933","Depreciación de ferrocarriles ","613.09","sat_account_id923"
"sat_account_id934","Depreciación de embarcaciones ","613.10","sat_account_id923"
"sat_account_id935","Depreciación de aviones ","613.11","sat_account_id923"
"sat_account_id936","Depreciación de troqueles, moldes, matrices y herramental ","613.12","sat_account_id923"
"sat_account_id937","Depreciación de equipo de comunicaciones telefónicas ","613.13","sat_account_id923"
"sat_account_id938","Depreciación de equipo de comunicación satelital ","613.14","sat_account_id923"
"sat_account_id939","Depreciación de equipo de adaptaciones para personas con capacidades diferentes ","613.15","sat_account_id923"
"sat_account_id940","Depreciación de maquinaria y equipo de generación de energía de fuentes renovables o de
sistemas de cogeneración de electricidad eficiente","613.16","sat_account_id923"
"sat_account_id941","Depreciación de adaptaciones y mejoras ","613.17","sat_account_id923"
"sat_account_id942","Depreciación de otra maquinaria y equipo ","613.18","sat_account_id923"
"sat_account_id943","Amortización contable","614","sat_account_id539"
"sat_account_id944","Amortización de gastos diferidos ","614.01","sat_account_id942"
"sat_account_id945","Amortización de gastos pre operativos ","614.02","sat_account_id942"
"sat_account_id946","Amortización de regalías, asistencia técnica y otros gastos diferidos ","614.03","sat_account_id942"
"sat_account_id947","Amortización de activos intangibles ","614.04","sat_account_id942"
"sat_account_id948","Amortización de gastos de organización ","614.05","sat_account_id942"
"sat_account_id949","Amortización de investigación y desarrollo de mercado ","614.06","sat_account_id942"
"sat_account_id950","Amortización de marcas y patentes ","614.07","sat_account_id942"
"sat_account_id951","Amortización de crédito mercantil ","614.08","sat_account_id942"
"sat_account_id952","Amortización de gastos de instalación ","614.09","sat_account_id942"
"sat_account_id953","Amortización de otros activos diferidos","614.10","sat_account_id942"
"sat_account_id954","Resultado integral de financiamiento","700",
"sat_account_id955","Gastos financieros ","701","sat_account_id953"
"sat_account_id956","Pérdida cambiaria ","701.01","sat_account_id954"
"sat_account_id957","Pérdida cambiaria nacional parte relacionada ","701.02","sat_account_id954"
"sat_account_id958","Pérdida cambiaria extranjero parte relacionada ","701.03","sat_account_id954"
"sat_account_id959","Intereses a cargo bancario nacional ","701.04","sat_account_id954"
"sat_account_id960","Intereses a cargo bancario extranjero ","701.05","sat_account_id954"
"sat_account_id961","Intereses a cargo de personas físicas nacional ","701.06","sat_account_id954"
"sat_account_id962","Intereses a cargo de personas físicas extranjero ","701.07","sat_account_id954"
"sat_account_id963","Intereses a cargo de personas morales nacional ","701.08","sat_account_id954"
"sat_account_id964","Intereses a cargo de personas morales extranjero ","701.09","sat_account_id954"
"sat_account_id965","Comisiones bancarias ","701.10","sat_account_id954"
"sat_account_id966","Otros gastos financieros ","701.11","sat_account_id954"
"sat_account_id967","Productos financieros ","702","sat_account_id953"
"sat_account_id968","Utilidad cambiaria ","702.01","sat_account_id966"
"sat_account_id969","Utilidad cambiaria nacional parte relacionada ","702.02","sat_account_id966"
"sat_account_id970","Utilidad cambiaria extranjero parte relacionada ","702.03","sat_account_id966"
"sat_account_id971","Intereses a favor bancarios nacional ","702.04","sat_account_id966"
"sat_account_id972","Intereses a favor bancarios extranjero ","702.05","sat_account_id966"
"sat_account_id973","Intereses a favor de personas físicas nacional ","702.06","sat_account_id966"
"sat_account_id974","Intereses a favor de personas físicas extranjero ","702.07","sat_account_id966"
"sat_account_id975","Intereses a favor de personas morales nacional ","702.08","sat_account_id966"
"sat_account_id976","Intereses a favor de personas morales extranjero ","702.09","sat_account_id966"
"sat_account_id977","Otros productos financieros ","702.10","sat_account_id966"
"sat_account_id978","Otros gastos ","703","sat_account_id953"
"sat_account_id979","Pérdida en venta y/o baja de terrenos ","703.01","sat_account_id977"
"sat_account_id980","Pérdida en venta y/o baja de edificios ","703.02","sat_account_id977"
"sat_account_id981","Pérdida en venta y/o baja de maquinaria y equipo ","703.03","sat_account_id977"
"sat_account_id982","Pérdida en venta y/o baja de automóviles, autobuses, camiones de carga, tractocamiones,
montacargas y remolques","703.04","sat_account_id977"
"sat_account_id983","Pérdida en venta y/o baja de mobiliario y equipo de oficina ","703.05","sat_account_id977"
"sat_account_id984","Pérdida en venta y/o baja de equipo de cómputo ","703.06","sat_account_id977"
"sat_account_id985","Pérdida en venta y/o baja de equipo de comunicación ","703.07","sat_account_id977"
"sat_account_id986","Pérdida en venta y/o baja de activos biológicos, vegetales y semovientes ","703.08","sat_account_id977"
"sat_account_id987","Pérdida en venta y/o baja de otros activos fijos ","703.09","sat_account_id977"
"sat_account_id988","Pérdida en venta y/o baja de ferrocarriles ","703.10","sat_account_id977"
"sat_account_id989","Pérdida en venta y/o baja de embarcaciones ","703.11","sat_account_id977"
"sat_account_id990","Pérdida en venta y/o baja de aviones ","703.12","sat_account_id977"
"sat_account_id991","Pérdida en venta y/o baja de troqueles, moldes, matrices y herramental ","703.13","sat_account_id977"
"sat_account_id992","Pérdida en venta y/o baja de equipo de comunicaciones telefónicas ","703.14","sat_account_id977"
"sat_account_id993","Pérdida en venta y/o baja de equipo de comunicación satelital ","703.15","sat_account_id977"
"sat_account_id994","Pérdida en venta y/o baja de equipo de adaptaciones para personas con capacidades diferentes","703.16","sat_account_id977"
"sat_account_id995","Pérdida en venta y/o baja de maquinaria y equipo de generación de energía de fuentes
renovables o de sistemas de cogeneración de electricidad eficiente","703.17","sat_account_id977"
"sat_account_id996","Pérdida en venta y/o baja de otra maquinaria y equipo ","703.18","sat_account_id977"
"sat_account_id997","Pérdida por enajenación de acciones ","703.19","sat_account_id977"
"sat_account_id998","Pérdida por enajenación de partes sociales ","703.20","sat_account_id977"
"sat_account_id999","Otros gastos ","703.21","sat_account_id977"
"sat_account_id1000","Otros productos","704","sat_account_id953"
"sat_account_id1001","Ganancia en venta y/o baja de terrenos ","704.01","sat_account_id999"
"sat_account_id1002","Ganancia en venta y/o baja de edificios ","704.02","sat_account_id999"
"sat_account_id1003","Ganancia en venta y/o baja de maquinaria y equipo ","704.03","sat_account_id999"
"sat_account_id1004","Ganancia en venta y/o baja de automóviles, autobuses, camiones de carga, tractocamiones,
montacargas y remolques","704.04","sat_account_id999"
"sat_account_id1005","Ganancia en venta y/o baja de mobiliario y equipo de oficina ","704.05","sat_account_id999"
"sat_account_id1006","Ganancia en venta y/o baja de equipo de cómputo ","704.06","sat_account_id999"
"sat_account_id1007","Ganancia en venta y/o baja de equipo de comunicación ","704.07","sat_account_id999"
"sat_account_id1008","Ganancia en venta y/o baja de activos biológicos, vegetales y semovientes ","704.08","sat_account_id999"
"sat_account_id1009","Ganancia en venta y/o baja de otros activos fijos ","704.09","sat_account_id999"
"sat_account_id1010","Ganancia en venta y/o baja de ferrocarriles ","704.10","sat_account_id999"
"sat_account_id1011","Ganancia en venta y/o baja de embarcaciones ","704.11","sat_account_id999"
"sat_account_id1012","Ganancia en venta y/o baja de aviones ","704.12","sat_account_id999"
"sat_account_id1013","Ganancia en venta y/o baja de troqueles, moldes, matrices y herramental ","704.13","sat_account_id999"
"sat_account_id1014","Ganancia en venta y/o baja de equipo de comunicaciones telefónicas ","704.14","sat_account_id999"
"sat_account_id1015","Ganancia en venta y/o baja de equipo de comunicación satelital ","704.15","sat_account_id999"
"sat_account_id1016","Ganancia en venta y/o baja de equipo de adaptaciones para personas con capacidades
Diferentes","704.16","sat_account_id999"
"sat_account_id1017","Ganancia en venta de maquinaria y equipo de generación de energía de fuentes renovables o de
sistemas de cogeneración de electricidad eficiente","704.17","sat_account_id999"
"sat_account_id1018","Ganancia en venta y/o baja de otra maquinaria y equipo ","704.18","sat_account_id999"
"sat_account_id1019","Ganancia por enajenación de acciones ","704.19","sat_account_id999"
"sat_account_id1020","Ganancia por enajenación de partes sociales ","704.20","sat_account_id999"
"sat_account_id1021","Ingresos por estímulos fiscales ","704.21","sat_account_id999"
"sat_account_id1022","Ingresos por condonación de adeudo ","704.22","sat_account_id999"
"sat_account_id1023","Otros productos ","704.23","sat_account_id999"
"sat_account_id1024","Cuentas de orden ","800",
"sat_account_id1025","UFIN del ejercicio","801","sat_account_id1023"
"sat_account_id1026","UFIN","800.01","sat_account_id1024"
"sat_account_id1027","Contra cuenta UFIN","800.02","sat_account_id1024"
"sat_account_id1028","CUFIN del ejercicio","802","sat_account_id1023"
"sat_account_id1029","CUFIN","802.01","sat_account_id1027"
"sat_account_id1030","Contra cuenta CUFIN","802.02","sat_account_id1027"
"sat_account_id1031","CUFIN de ejercicios anteriores","803","sat_account_id1023"
"sat_account_id1032","CUFIN de ejercicios anteriores","803.01","sat_account_id1030"
"sat_account_id1033","Contra cuenta CUFIN de ejercicios anteriores","803.02","sat_account_id1030"
"sat_account_id1034","CUFINRE del ejercicio","804","sat_account_id1023"
"sat_account_id1035","CUFINRE","804.01","sat_account_id1033"
"sat_account_id1036","Contra cuenta CUFINRE","804.02","sat_account_id1033"
"sat_account_id1037","CUFINRE de ejercicios anteriores","805","sat_account_id1023"
"sat_account_id1038","CUFINRE de ejercicios anteriores","805.01","sat_account_id1036"
"sat_account_id1039","Contra cuenta CUFINRE de ejercicios anteriores","805.02","sat_account_id1036"
"sat_account_id1040","CUCA del ejercicio","806","sat_account_id1023"
"sat_account_id1041","CUCA","806.01","sat_account_id1039"
"sat_account_id1042","Contra cuenta CUCA","806.02","sat_account_id1039"
"sat_account_id1043","CUCA de ejercicios anteriores","807","sat_account_id1023"
"sat_account_id1044","CUCA de ejercicios anteriores","807.01","sat_account_id1042"
"sat_account_id1045","Contra cuenta CUCA de ejercicios anteriores","807.02","sat_account_id1042"
"sat_account_id1046","Ajuste anual por inflación acumulable","808","sat_account_id1023"
"sat_account_id1047","Ajuste anual por inflación acumulable","808.01","sat_account_id1045"
"sat_account_id1048","Acumulación del ajuste anual inflacionario","808.02","sat_account_id1045"
"sat_account_id1049","Ajuste anual por inflación deducible","809","sat_account_id1023"
"sat_account_id1050","Ajuste anual por inflación deducible","809.01","sat_account_id1048"
"sat_account_id1051","Deducción del ajuste anual inflacionario","809.02","sat_account_id1048"
"sat_account_id1052","Deducción de inversión","810","sat_account_id1023"
"sat_account_id1053","Deducción de inversión","810.01","sat_account_id1051"
"sat_account_id1054","Contra cuenta deducción de inversiones","810.02","sat_account_id1051"
"sat_account_id1055","Utilidad o pérdida fiscal en venta y/o baja de activo fijo","811","sat_account_id1023"
"sat_account_id1056","Utilidad o pérdida fiscal en venta y/o baja de activo fijo","811.01","sat_account_id1054"
"sat_account_id1057","Contra cuenta utilidad o pérdida fiscal en venta y/o baja de activo fijo","811.02","sat_account_id1054"
"sat_account_id1058","Utilidad o pérdida fiscal en venta acciones o partes sociales","812","sat_account_id1023"
"sat_account_id1059","Utilidad o pérdida fiscal en venta acciones o partes sociales","812.01","sat_account_id1057"
"sat_account_id1060","Contra cuenta utilidad o pérdida fiscal en venta acciones o partes sociales","812.02","sat_account_id1057"
"sat_account_id1061","Pérdidas fiscales pendientes de amortizar actualizadas de ejercicios anteriores","813","sat_account_id1023"
"sat_account_id1062","Pérdidas fiscales pendientes de amortizar actualizadas de ejercicios anteriores ","813.01","sat_account_id1060"
"sat_account_id1063","Actualización de pérdidas fiscales pendientes de amortizar de ejercicios anteriores ","813.02","sat_account_id1060"
"sat_account_id1064","Mercancías recibidas en consignación ","814","sat_account_id1023"
"sat_account_id1065","Mercancías recibidas en consignación ","814.01","sat_account_id1063"
"sat_account_id1066","Consignación de mercancías recibidas ","814.02","sat_account_id1063"
"sat_account_id1067","Crédito fiscal de IVA e IEPS por la importación de mercancías para empresas certificadas","815","sat_account_id1023"
"sat_account_id1068","Crédito fiscal de IVA e IEPS por la importación de mercancías ","815.01","sat_account_id1066"
"sat_account_id1069","Importación de mercancías con aplicación de crédito fiscal de IVA e IEPS ","815.02","sat_account_id1066"
"sat_account_id1070","Crédito fiscal de IVA e IEPS por la importación de activos fijos para empresas certificadas","816","sat_account_id1023"
"sat_account_id1071","Crédito fiscal de IVA e IEPS por la importación de activo fijo","816.01","sat_account_id1069"
"sat_account_id1072","Importación de activo fijo con aplicación de crédito fiscal de IVA e IEPS","816.02","sat_account_id1069"
"sat_account_id1073","Otras cuentas de orden","899","sat_account_id1023"
"sat_account_id1074","Otras cuentas de orden","899.01","sat_account_id1072"
"sat_account_id1075","Contra cuenta otras cuentas de orden","899.02","sat_account_id1072"
